USE auswertung;

INSERT INTO verein (bezeichnung, bezeichnung_kurz, landesverband) VALUES ('WSC Lippstadt', 'lippstadt', 'NRW');
INSERT INTO verein (bezeichnung, bezeichnung_kurz, landesverband) VALUES ('KV Schwerte', 'schwerte', 'NRW');
INSERT INTO verein (bezeichnung, bezeichnung_kurz, landesverband) VALUES ('KR Hamm', 'hamm', 'NRW');
INSERT INTO verein (bezeichnung, bezeichnung_kurz, landesverband) VALUES ('KST Rhein-Ruhr', 'rhein-ruhr', 'NRW');
INSERT INTO verein (bezeichnung, bezeichnung_kurz, landesverband) VALUES ('WSF 31 Köln', 'köln', 'NRW');
INSERT INTO verein (bezeichnung, bezeichnung_kurz, landesverband) VALUES ('KC Hilden', 'hilden', 'NRW');
INSERT INTO verein (bezeichnung, bezeichnung_kurz, landesverband) VALUES ('KK Unna', 'unna', 'NRW');
INSERT INTO verein (bezeichnung, bezeichnung_kurz, landesverband) VALUES ('SC Bayer Uerdingen', 'uerdingen', 'NRW');
INSERT INTO verein (bezeichnung, bezeichnung_kurz, landesverband) VALUES ('KK Bergheim', 'bergheim', 'NRW');
INSERT INTO verein (bezeichnung, bezeichnung_kurz, landesverband) VALUES ('WSC Bayer Dormagen', 'dormagen', 'NRW');

INSERT INTO rennen (rennnummer, bezeichnung) VALUES (1, 'männliche Jugend K1');
INSERT INTO rennen (rennnummer, bezeichnung) VALUES (2, 'Damen K1');

INSERT INTO ergebnis (startnummer, name, rennen_id, verein_id, zeit_1_start_auto, zeit_1_ziel_auto, zeit_1_start_man, zeit_1_ziel_man, zeit_2_start_auto, zeit_2_ziel_auto, zeit_2_start_man, zeit_2_ziel_man, niz_1, niz_2) VALUES (1, 'Luca Glockner', 1, 4, 1533286375749, 1533286464012, 1533286375749, 1533286464012, 1533286497368, 1533286541773, 1533286497368, 1533286541773, 0, 0);
INSERT INTO ergebnis (startnummer, name, rennen_id, verein_id, zeit_1_start_auto, zeit_1_ziel_auto, zeit_1_start_man, zeit_1_ziel_man, zeit_2_start_auto, zeit_2_ziel_auto, zeit_2_start_man, zeit_2_ziel_man, niz_1, niz_2) VALUES (2, 'Tim Loewe', 1, 1, 1533286388207, 1533286464949, 1533286388207, 1533286464949, 1533286499163, 1533286543329, 1533286499163, 1533286543329, 0, 0);
INSERT INTO ergebnis (startnummer, name, rennen_id, verein_id, zeit_1_start_auto, zeit_1_ziel_auto, zeit_1_start_man, zeit_1_ziel_man, zeit_2_start_auto, zeit_2_ziel_auto, zeit_2_start_man, zeit_2_ziel_man, niz_1, niz_2) VALUES (3, 'Luca Freitag', 1, 8, 1533286391287, 1533286465814, 1533286391287, 1533286465814, 1533286500055, 1533286544402, 1533286500055, 1533286544402, 0, 0);
INSERT INTO ergebnis (startnummer, name, rennen_id, verein_id, zeit_1_start_auto, zeit_1_ziel_auto, zeit_1_start_man, zeit_1_ziel_man, zeit_2_start_auto, zeit_2_ziel_auto, zeit_2_start_man, zeit_2_ziel_man, niz_1, niz_2) VALUES (4, 'Mike Koertig', 1, 1, 1533286394453, 1533286466665, 1533286394453, 1533286466665, 1533286500921, 1533286545408, 1533286500921, 1533286545408, 0, 0);
INSERT INTO ergebnis (startnummer, name, rennen_id, verein_id, zeit_1_start_auto, zeit_1_ziel_auto, zeit_1_start_man, zeit_1_ziel_man, zeit_2_start_auto, zeit_2_ziel_auto, zeit_2_start_man, zeit_2_ziel_man, niz_1, niz_2) VALUES (5, 'Maik Vogler', 1, 8, 1533286399965, 1533286467658, 1533286399965, 1533286467658, 1533286501804, 1533286546285, 1533286501804, 1533286546285, 0, 0);
INSERT INTO ergebnis (startnummer, name, rennen_id, verein_id, zeit_1_start_auto, zeit_1_ziel_auto, zeit_1_start_man, zeit_1_ziel_man, zeit_2_start_auto, zeit_2_ziel_auto, zeit_2_start_man, zeit_2_ziel_man, niz_1, niz_2) VALUES (6, 'Sven Reinhard', 1, 1, 1533286406290, 1533286469134, 1533286406290, 1533286469134, 1533286502766, 1533286547435, 1533286502766, 1533286547435, 0, 0);
INSERT INTO ergebnis (startnummer, name, rennen_id, verein_id, zeit_1_start_auto, zeit_1_ziel_auto, zeit_1_start_man, zeit_1_ziel_man, zeit_2_start_auto, zeit_2_ziel_auto, zeit_2_start_man, zeit_2_ziel_man, niz_1, niz_2) VALUES (7, 'Martin Strauss', 1, 1, 1533286408926, 1533286470292, 1533286408926, 1533286470292, 1533286503848, 1533286551568, 1533286503848, 1533286551568, 0, 0);
INSERT INTO ergebnis (startnummer, name, rennen_id, verein_id, zeit_1_start_auto, zeit_1_ziel_auto, zeit_1_start_man, zeit_1_ziel_man, zeit_2_start_auto, zeit_2_ziel_auto, zeit_2_start_man, zeit_2_ziel_man, niz_1, niz_2) VALUES (8, 'Stefan Abt', 1, 9, 1533286411043, 1533286471402, 1533286411043, 1533286471402, 1533286504859, 1533286552889, 1533286504859, 1533286552889, 0, 0);
INSERT INTO ergebnis (startnummer, name, rennen_id, verein_id, zeit_1_start_auto, zeit_1_ziel_auto, zeit_1_start_man, zeit_1_ziel_man, zeit_2_start_auto, zeit_2_ziel_auto, zeit_2_start_man, zeit_2_ziel_man, niz_1, niz_2) VALUES (9, 'Florian Herz', 1, 1, 1533286412649, 1533286472513, 1533286412649, 1533286472513, 1533286505924, 1533286555020, 1533286505924, 1533286555020, 0, 0);
INSERT INTO ergebnis (startnummer, name, rennen_id, verein_id, zeit_1_start_auto, zeit_1_ziel_auto, zeit_1_start_man, zeit_1_ziel_man, zeit_2_start_auto, zeit_2_ziel_auto, zeit_2_start_man, zeit_2_ziel_man, niz_1, niz_2) VALUES (10, 'Dennis Bieber', 1, 5, 1533286414443, 1533286473786, 1533286414443, 1533286473786, 1533286507587, 1533286556683, 1533286507587, 1533286556683, 0, 0);
INSERT INTO ergebnis (startnummer, name, rennen_id, verein_id, zeit_1_start_auto, zeit_1_ziel_auto, zeit_1_start_man, zeit_1_ziel_man, zeit_2_start_auto, zeit_2_ziel_auto, zeit_2_start_man, zeit_2_ziel_man, niz_1, niz_2) VALUES (11, 'Benjamin Traugott', 1, 1, 1533286415883, 1533286475000, 1533286415883, 1533286475000, 1533286509060, 1533286558188, 1533286509060, 1533286558188, 0, 0);
INSERT INTO ergebnis (startnummer, name, rennen_id, verein_id, zeit_1_start_auto, zeit_1_ziel_auto, zeit_1_start_man, zeit_1_ziel_man, zeit_2_start_auto, zeit_2_ziel_auto, zeit_2_start_man, zeit_2_ziel_man, niz_1, niz_2) VALUES (12, 'Klaus Kastner', 1, 10, 1533286416961, 1533286475832, 1533286416961, 1533286475832, 1533286509952, 1533286559355, 1533286509952, 1533286559355, 0, 0);
INSERT INTO ergebnis (startnummer, name, rennen_id, verein_id, zeit_1_start_auto, zeit_1_ziel_auto, zeit_1_start_man, zeit_1_ziel_man, zeit_2_start_auto, zeit_2_ziel_auto, zeit_2_start_man, zeit_2_ziel_man, niz_1, niz_2) VALUES (13, 'Maik Holtzmann', 1, 4, 1533286418325, 1533286476646, 1533286418325, 1533286476646, 1533286510740, 1533286562288, 1533286510740, 1533286562288, 0, 0);
INSERT INTO ergebnis (startnummer, name, rennen_id, verein_id, zeit_1_start_auto, zeit_1_ziel_auto, zeit_1_start_man, zeit_1_ziel_man, zeit_2_start_auto, zeit_2_ziel_auto, zeit_2_start_man, zeit_2_ziel_man, niz_1, niz_2) VALUES (14, 'Niklas Gottlieb', 1, 1, 1533286419471, 1533286477482, 1533286419471, 1533286477482, 1533286511572, 1533286563776, 1533286511572, 1533286563776, 0, 0);
INSERT INTO ergebnis (startnummer, name, rennen_id, verein_id, zeit_1_start_auto, zeit_1_ziel_auto, zeit_1_start_man, zeit_1_ziel_man, zeit_2_start_auto, zeit_2_ziel_auto, zeit_2_start_man, zeit_2_ziel_man, niz_1, niz_2) VALUES (15, 'Erik Schwarz', 1, 1, 1533286422208, 1533286478467, 1533286422208, 1533286478467, 1533286513167, 1533286565367, 1533286513167, 1533286565367, 0, 0);
INSERT INTO ergebnis (startnummer, name, rennen_id, verein_id, zeit_1_start_auto, zeit_1_ziel_auto, zeit_1_start_man, zeit_1_ziel_man, zeit_2_start_auto, zeit_2_ziel_auto, zeit_2_start_man, zeit_2_ziel_man, niz_1, niz_2) VALUES (16, 'Katja Huber', 2, 4, 1533474143391, 1533474184682, 1533474143391, 1533474184682, 1533474204018, 1533474226400, 1533474204018, 1533474226400, 0, 0);
INSERT INTO ergebnis (startnummer, name, rennen_id, verein_id, zeit_1_start_auto, zeit_1_ziel_auto, zeit_1_start_man, zeit_1_ziel_man, zeit_2_start_auto, zeit_2_ziel_auto, zeit_2_start_man, zeit_2_ziel_man, niz_1, niz_2) VALUES (17, 'Simone Muench', 2, 5, 1533474148459, 1533474185998, 1533474148459, 1533474185998, 1533474204951, 1533474227862, 1533474204951, 1533474227862, 0, 0);
INSERT INTO ergebnis (startnummer, name, rennen_id, verein_id, zeit_1_start_auto, zeit_1_ziel_auto, zeit_1_start_man, zeit_1_ziel_man, zeit_2_start_auto, zeit_2_ziel_auto, zeit_2_start_man, zeit_2_ziel_man, niz_1, niz_2) VALUES (18, 'Silke Freeh', 2, 4, 1533474153694, 1533474186924, 1533474153694, 1533474186924, 1533474205748, 1533474228774, 1533474205748, 1533474228774, 0, 0);
INSERT INTO ergebnis (startnummer, name, rennen_id, verein_id, zeit_1_start_auto, zeit_1_ziel_auto, zeit_1_start_man, zeit_1_ziel_man, zeit_2_start_auto, zeit_2_ziel_auto, zeit_2_start_man, zeit_2_ziel_man, niz_1, niz_2) VALUES (19, 'Martina Reinhardt', 2, 4, 1533474155240, 1533474187904, 1533474155240, 1533474187904, 1533474209508, 1533474229653, 1533474209508, 1533474229653, 0, 0);
INSERT INTO ergebnis (startnummer, name, rennen_id, verein_id, zeit_1_start_auto, zeit_1_ziel_auto, zeit_1_start_man, zeit_1_ziel_man, zeit_2_start_auto, zeit_2_ziel_auto, zeit_2_start_man, zeit_2_ziel_man, niz_1, niz_2) VALUES (20, 'Kerstin Kastner', 2, 7, 1533474157466, 1533474188838, 1533474157466, 1533474188838, 1533474210421, 1533474230535, 1533474210421, 1533474230535, 0, 0);
INSERT INTO ergebnis (startnummer, name, rennen_id, verein_id, zeit_1_start_auto, zeit_1_ziel_auto, zeit_1_start_man, zeit_1_ziel_man, zeit_2_start_auto, zeit_2_ziel_auto, zeit_2_start_man, zeit_2_ziel_man, niz_1, niz_2) VALUES (21, 'Nadine Kuester', 2, 5, 1533474163362, 1533474189756, 1533474163362, 1533474189756, 1533474211340, 1533474231438, 1533474211340, 1533474231438, 0, 0);
INSERT INTO ergebnis (startnummer, name, rennen_id, verein_id, zeit_1_start_auto, zeit_1_ziel_auto, zeit_1_start_man, zeit_1_ziel_man, zeit_2_start_auto, zeit_2_ziel_auto, zeit_2_start_man, zeit_2_ziel_man, niz_1, niz_2) VALUES (22, 'Katja Kuhn', 2, 4, 1533474164793, 1533474190708, 1533474164793, 1533474190708, 1533474212349, 1533474232374, 1533474212349, 1533474232374, 0, 0);
INSERT INTO ergebnis (startnummer, name, rennen_id, verein_id, zeit_1_start_auto, zeit_1_ziel_auto, zeit_1_start_man, zeit_1_ziel_man, zeit_2_start_auto, zeit_2_ziel_auto, zeit_2_start_man, zeit_2_ziel_man, niz_1, niz_2) VALUES (23, 'Kerstin Maur', 2, 2, 1533474166787, 1533474193423, 1533474166787, 1533474193423, 1533474214089, 1533474234243, 1533474214089, 1533474234243, 0, 0);


INSERT INTO fehler (ergebnis_id, lauf, tor, fehler_wert) VALUES (1, 1, 20, 2);
INSERT INTO fehler (ergebnis_id, lauf, tor, fehler_wert) VALUES (1, 2, 10, 2);
INSERT INTO fehler (ergebnis_id, lauf, tor, fehler_wert) VALUES (2, 1, 7, 2);
INSERT INTO fehler (ergebnis_id, lauf, tor, fehler_wert) VALUES (2, 1, 11, 2);
INSERT INTO fehler (ergebnis_id, lauf, tor, fehler_wert) VALUES (3, 2, 18, 2);
INSERT INTO fehler (ergebnis_id, lauf, tor, fehler_wert) VALUES (4, 1, 4, 2);
INSERT INTO fehler (ergebnis_id, lauf, tor, fehler_wert) VALUES (4, 1, 14, 2);
INSERT INTO fehler (ergebnis_id, lauf, tor, fehler_wert) VALUES (4, 1, 15, 2);
INSERT INTO fehler (ergebnis_id, lauf, tor, fehler_wert) VALUES (5, 1, 19, 2);
INSERT INTO fehler (ergebnis_id, lauf, tor, fehler_wert) VALUES (5, 2, 1, 2);
INSERT INTO fehler (ergebnis_id, lauf, tor, fehler_wert) VALUES (5, 2, 13, 2);
INSERT INTO fehler (ergebnis_id, lauf, tor, fehler_wert) VALUES (7, 1, 20, 2);
INSERT INTO fehler (ergebnis_id, lauf, tor, fehler_wert) VALUES (7, 2, 18, 2);
INSERT INTO fehler (ergebnis_id, lauf, tor, fehler_wert) VALUES (9, 1, 5, 2);
INSERT INTO fehler (ergebnis_id, lauf, tor, fehler_wert) VALUES (10, 1, 2, 50);
INSERT INTO fehler (ergebnis_id, lauf, tor, fehler_wert) VALUES (10, 2, 10, 2);
INSERT INTO fehler (ergebnis_id, lauf, tor, fehler_wert) VALUES (10, 2, 13, 2);
INSERT INTO fehler (ergebnis_id, lauf, tor, fehler_wert) VALUES (11, 1, 9, 2);
INSERT INTO fehler (ergebnis_id, lauf, tor, fehler_wert) VALUES (11, 1, 15, 2);
INSERT INTO fehler (ergebnis_id, lauf, tor, fehler_wert) VALUES (11, 2, 8, 2);
INSERT INTO fehler (ergebnis_id, lauf, tor, fehler_wert) VALUES (14, 1, 19, 2);
INSERT INTO fehler (ergebnis_id, lauf, tor, fehler_wert) VALUES (14, 2, 13, 2);
INSERT INTO fehler (ergebnis_id, lauf, tor, fehler_wert) VALUES (15, 1, 10, 2);
INSERT INTO fehler (ergebnis_id, lauf, tor, fehler_wert) VALUES (15, 2, 20, 2);
INSERT INTO fehler (ergebnis_id, lauf, tor, fehler_wert) VALUES (30, 1, 18, 2);
INSERT INTO fehler (ergebnis_id, lauf, tor, fehler_wert) VALUES (30, 1, 20, 2);
INSERT INTO fehler (ergebnis_id, lauf, tor, fehler_wert) VALUES (30, 2, 20, 2);
INSERT INTO fehler (ergebnis_id, lauf, tor, fehler_wert) VALUES (31, 1, 11, 2);
INSERT INTO fehler (ergebnis_id, lauf, tor, fehler_wert) VALUES (32, 2, 16, 50);
INSERT INTO fehler (ergebnis_id, lauf, tor, fehler_wert) VALUES (32, 2, 19, 2);
INSERT INTO fehler (ergebnis_id, lauf, tor, fehler_wert) VALUES (33, 1, 20, 2);
INSERT INTO fehler (ergebnis_id, lauf, tor, fehler_wert) VALUES (33, 2, 4, 2);
INSERT INTO fehler (ergebnis_id, lauf, tor, fehler_wert) VALUES (34, 2, 7, 2);
INSERT INTO fehler (ergebnis_id, lauf, tor, fehler_wert) VALUES (35, 2, 1, 2);
INSERT INTO fehler (ergebnis_id, lauf, tor, fehler_wert) VALUES (36, 2, 5, 2);
INSERT INTO fehler (ergebnis_id, lauf, tor, fehler_wert) VALUES (37, 1, 8, 50);